Keyword,Price
Beagle puppy for sale
english Bulldog puppy for sale
Serengeti kitten for sale
Chihuahua  puppy for sale
ChowChow puppy for sale
Frenchie puppy for sale
German Shepherd puppy for sale
Golden Retriever puppy for sale
Havanese puppy for sale
Husky puppy for sale
Jack Russell puppy for sale
Labrador puppy for sale
Maltese puppy for sale
African Grey for sale
Pomsky puppy for sale
Pug puppy for sale
Rottweiler puppy for sale
Shih Tzu puppy for sale
Dachshund puppy for sale
StBernard puppy for sale
Doberman puppy for sale
Corgi puppy for sale
Schnauzers puppy for sale
Poodle puppy for sale
Sphynx kitten for sale
Yorkshire Terrier puppy for sale
African grey for sale
teacup puppy for sale
cavapoo puppy for sale
-yorkshire terrier for sale
arowan for sale
akita puppy for sale
bernedoodle puppy for sale
great dane puppy for sale
BritishShorthair kittens for sale
cockapoo puppy for sale
Malamute puppy for sale
micro pig for sale
Munchkin Kittens for sale
Sharpei puppy for sale
spaniel puppy for sale
marmoset for sale
pointer puppy for sale
belgian shepherd puppy for sale
Newfoundland puppy for sale
basset puppy for sale
Boston Terrier puppy for sale
Border Collie puppy for sale
Sheltie puppy for sale
bloodhound puppy for sale
Rhodesian Ridgeback puppy for sale
Weimaraner puppy for sale
dalmatian puppy for sale
groodle puppy for sale