,keyword,ad_link,ad_headline,ad_copy
0,english Bulldog puppy for sale,https://adorableenglishbulls.com/buy-english-bulldog-puppies-online/,English bulldog sale near me - Cheap English Bulldog Puppies,English bulldog sale near me - Cheap English Bulldog Puppies
1,english Bulldog puppy for sale,https://www.frenchandbritishbulldogpuppies-au.com/available-french-puppies.html,French & English Bulldog pupps - For sale in Australia $2000,French & English Bulldog pupps - For sale in Australia $2000
2,Frenchie puppy for sale,https://www.localfrenchbulldogbreeders.com/available-puppies.html,Merle French Bulldogs For Sale - Frenchie Puppies For Adoption,Merle French Bulldogs For Sale - Frenchie Puppies For Adoption
3,Frenchie puppy for sale,https://robustfrenchbulldogs.com/available-french-bulldog-puppies,Merle French Bulldog Puppies - Healthy Frenchies for Sale,Merle French Bulldog Puppies - Healthy Frenchies for Sale
4,Frenchie puppy for sale,https://www.frenchandbritishbulldogpuppies-au.com/available-french-puppies.html,4 sale in Australia $2000 - English & French Bulldog pups,4 sale in Australia $2000 - English & French Bulldog pups
5,Golden Retriever puppy for sale,https://retrievercanineplanet-au.com/,Golden Retrievers Sale Near Me - Cheap Puppies For Sale Sydney,Golden Retrievers Sale Near Me - Cheap Puppies For Sale Sydney
6,Golden Retriever puppy for sale,https://www.smartgoldenretrieverpups.com/available-pups/,Red Retriever Puppies For Sale - Cheap Golden Retriever Puppies,Red Retriever Puppies For Sale - Cheap Golden Retriever Puppies
7,Golden Retriever puppy for sale,https://cuddlygoldenretrievers.com.au/,Golden Retriever Pups for Sale - Male Golden retriever Pups,Golden Retriever Pups for Sale - Male Golden retriever Pups
8,Havanese puppy for sale,https://smfurhome1.com/elementor-379/,Purebred Havanese Puppies - 50% Discount on all Purchases,Purebred Havanese Puppies - 50% Discount on all Purchases
9,Labrador puppy for sale,https://morganlabradors.com/,labrador Puppies for sale - Labrador Retrievers,labrador Puppies for sale - Labrador Retrievers
10,Labrador puppy for sale,https://purelabspot.com/,pure breed labrador - get a labrador puppy,pure breed labrador - get a labrador puppy
11,Labrador puppy for sale,https://smfurhome1.com/elementor-379/,Havapoo puppy for sale - 50% Discount on all Purchases,Havapoo puppy for sale - 50% Discount on all Purchases
12,Maltese puppy for sale,https://smfurhome1.com/elementor-379/,Purebred Havanese Puppies - 50% Discount on all Purchases,Purebred Havanese Puppies - 50% Discount on all Purchases
13,Maltese puppy for sale,https://elixirpuppykennel.online/,Maltese For Sale - Maltese Puppies For Sale,Maltese For Sale - Maltese Puppies For Sale
14,Maltese puppy for sale,https://www.lovemalteseandmalshi.com/shop.html,Maltese Puppies Near Me - Affortable Maltese Cross,Maltese Puppies Near Me - Affortable Maltese Cross
15,Pug puppy for sale,https://kwamenafarm.online/our-puppies/,Pug puppies for sale - Order now & get a discount,Pug puppies for sale - Order now & get a discount
16,Pug puppy for sale,https://smfurhome1.com/elementor-379/,Havapoo puppy for sale - 50% Discount on all Purchases,Havapoo puppy for sale - 50% Discount on all Purchases
17,Rottweiler puppy for sale,https://yuppypedigreerotties.com/available-puppies/,Rottweilers For Sale Near Me - 100% Purebred Rottie Puppies,Rottweilers For Sale Near Me - 100% Purebred Rottie Puppies
18,Dachshund puppy for sale,https://buyperfectpets.com/available-puppies/,For sale today with 50% Off - Healthy Dachshund Puppies,For sale today with 50% Off - Healthy Dachshund Puppies
19,Corgi puppy for sale,https://welshcorgipuppies.ukit.me/available_puppies,Available Puppies - cardigan welsh corgi puppies,Available Puppies - cardigan welsh corgi puppies
